dataset,condition,loss_type,lambda,seed,best_epoch,best_val_acc_percent,test_acc_percent,test_ce_loss,test_im_loss,test_output_im_loss,test_firing_rate_output,test_entropy_output,test_no_output_spike_fraction,test_output_spike_count_mean,test_correct_class_output_spike_count_mean,test_max_competing_output_spike_count_mean,test_correct_output_gt_competing_fraction,run_dir,checkpoint
Randman,spiking_count_threshold_im,threshold,0.0,42,19,87.5,79.296875,0.64847831428051,10.322988748550415,10.322988748550415,0.015332031529396772,0.07876960560679436,0.0,15.33203125,6.140625,3.48046875,0.76953125,/content/drive/MyDrive/im_snn_runs/randman/lambda_sweep/threshold/lambda_0/randman_lif_mlp_spkout_im_seed42_dt0.005_20260710-222954,/content/drive/MyDrive/im_snn_runs/randman/lambda_sweep/threshold/lambda_0/randman_lif_mlp_spkout_im_seed42_dt0.005_20260710-222954/best.pth
Randman,spiking_count_threshold_im,threshold,0.0,123,20,83.59375,83.984375,0.5772368982434273,11.340387105941772,11.340387105941772,0.013781249988824129,0.07236849330365658,0.0,13.78125,5.875,3.08984375,0.7890625,/content/drive/MyDrive/im_snn_runs/randman/lambda_sweep/threshold/lambda_0/randman_lif_mlp_spkout_im_seed123_dt0.005_20260710-223057,/content/drive/MyDrive/im_snn_runs/randman/lambda_sweep/threshold/lambda_0/randman_lif_mlp_spkout_im_seed123_dt0.005_20260710-223057/best.pth
Randman,spiking_count_threshold_im,threshold,0.0,2020,19,82.8125,81.640625,0.5634781569242477,11.74815058708191,11.74815058708191,0.014558593975380063,0.07557346485555172,0.0,14.55859375,6.1640625,3.203125,0.77734375,/content/drive/MyDrive/im_snn_runs/randman/lambda_sweep/threshold/lambda_0/randman_lif_mlp_spkout_im_seed2020_dt0.005_20260710-222848,/content/drive/MyDrive/im_snn_runs/randman/lambda_sweep/threshold/lambda_0/randman_lif_mlp_spkout_im_seed2020_dt0.005_20260710-222848/best.pth
Randman,spiking_count_threshold_im,threshold,0.0001,42,19,87.890625,80.46875,0.656284898519516,9.6386137008667,9.6386137008667,0.0164453131146729,0.08350051753222942,0.0,16.4453125,6.36328125,3.63671875,0.75,/content/drive/MyDrive/im_snn_runs/randman/lambda_sweep/threshold/lambda_0p0001/randman_lif_mlp_spkout_im_seed42_dt0.005_20260710-223304,/content/drive/MyDrive/im_snn_runs/randman/lambda_sweep/threshold/lambda_0p0001/randman_lif_mlp_spkout_im_seed42_dt0.005_20260710-223304/best.pth
Randman,spiking_count_threshold_im,threshold,0.0001,123,15,81.640625,81.640625,0.6128989011049271,8.71697187423706,8.71697187423706,0.01160546881146729,0.06296471785753965,0.0,11.60546875,4.984375,2.73828125,0.76171875,/content/drive/MyDrive/im_snn_runs/randman/lambda_sweep/threshold/lambda_0p0001/randman_lif_mlp_spkout_im_seed123_dt0.005_20260710-223406,/content/drive/MyDrive/im_snn_runs/randman/lambda_sweep/threshold/lambda_0p0001/randman_lif_mlp_spkout_im_seed123_dt0.005_20260710-223406/best.pth
Randman,spiking_count_threshold_im,threshold,0.0001,2020,20,82.421875,82.03125,0.5320956259965897,11.566077709197998,11.566077709197998,0.015585937537252903,0.07976963184773922,0.0,15.5859375,6.4296875,3.4765625,0.7890625,/content/drive/MyDrive/im_snn_runs/randman/lambda_sweep/threshold/lambda_0p0001/randman_lif_mlp_spkout_im_seed2020_dt0.005_20260710-223159,/content/drive/MyDrive/im_snn_runs/randman/lambda_sweep/threshold/lambda_0p0001/randman_lif_mlp_spkout_im_seed2020_dt0.005_20260710-223159/best.pth
Randman,spiking_count_threshold_im,threshold,0.0003,42,15,88.28125,79.296875,0.6803323477506638,8.699984550476074,8.699984550476074,0.012671875534579158,0.06760300695896149,0.0,12.671875,5.16796875,2.921875,0.73046875,/content/drive/MyDrive/im_snn_runs/randman/lambda_sweep/threshold/lambda_0p0003/randman_lif_mlp_spkout_im_seed42_dt0.005_20260710-223612,/content/drive/MyDrive/im_snn_runs/randman/lambda_sweep/threshold/lambda_0p0003/randman_lif_mlp_spkout_im_seed42_dt0.005_20260710-223612/best.pth
Randman,spiking_count_threshold_im,threshold,0.0003,123,20,83.984375,83.203125,0.5456366762518883,11.640074491500854,11.640074491500854,0.012554687913507223,0.06711011752486229,0.0,12.5546875,5.62890625,2.890625,0.79296875,/content/drive/MyDrive/im_snn_runs/randman/lambda_sweep/threshold/lambda_0p0003/randman_lif_mlp_spkout_im_seed123_dt0.005_20260710-223714,/content/drive/MyDrive/im_snn_runs/randman/lambda_sweep/threshold/lambda_0p0003/randman_lif_mlp_spkout_im_seed123_dt0.005_20260710-223714/best.pth
Randman,spiking_count_threshold_im,threshold,0.0003,2020,20,81.25,84.375,0.5080635845661163,11.005194425582886,11.005194425582886,0.0159296877682209,0.08144356124103069,0.0,15.9296875,6.4765625,3.37109375,0.80078125,/content/drive/MyDrive/im_snn_runs/randman/lambda_sweep/threshold/lambda_0p0003/randman_lif_mlp_spkout_im_seed2020_dt0.005_20260710-223510,/content/drive/MyDrive/im_snn_runs/randman/lambda_sweep/threshold/lambda_0p0003/randman_lif_mlp_spkout_im_seed2020_dt0.005_20260710-223510/best.pth
Randman,spiking_count_threshold_im,threshold,0.001,42,19,85.9375,78.515625,0.6941157281398773,8.696925163269043,8.696925163269043,0.01749999960884452,0.08756494708359241,0.0,17.5,6.41796875,3.91015625,0.73828125,/content/drive/MyDrive/im_snn_runs/randman/lambda_sweep/threshold/lambda_0p001/randman_lif_mlp_spkout_im_seed42_dt0.005_20260710-223922,/content/drive/MyDrive/im_snn_runs/randman/lambda_sweep/threshold/lambda_0p001/randman_lif_mlp_spkout_im_seed42_dt0.005_20260710-223922/best.pth
Randman,spiking_count_threshold_im,threshold,0.001,123,15,81.640625,78.515625,0.696560800075531,7.954274773597717,7.954274773597717,0.011960937641561031,0.06431445758789778,0.0,11.9609375,4.84375,2.90234375,0.71484375,/content/drive/MyDrive/im_snn_runs/randman/lambda_sweep/threshold/lambda_0p001/randman_lif_mlp_spkout_im_seed123_dt0.005_20260710-224027,/content/drive/MyDrive/im_snn_runs/randman/lambda_sweep/threshold/lambda_0p001/randman_lif_mlp_spkout_im_seed123_dt0.005_20260710-224027/best.pth
Randman,spiking_count_threshold_im,threshold,0.001,2020,19,80.078125,83.203125,0.5607150495052338,10.018234968185425,10.018234968185425,0.01543750031851232,0.07903331331908703,0.0,15.4375,6.26953125,3.3984375,0.78125,/content/drive/MyDrive/im_snn_runs/randman/lambda_sweep/threshold/lambda_0p001/randman_lif_mlp_spkout_im_seed2020_dt0.005_20260710-223818,/content/drive/MyDrive/im_snn_runs/randman/lambda_sweep/threshold/lambda_0p001/randman_lif_mlp_spkout_im_seed2020_dt0.005_20260710-223818/best.pth
Randman,spiking_count_threshold_im,threshold,0.003,42,16,86.328125,73.4375,0.7618758082389832,6.155861854553223,6.155861854553223,0.01719531323760748,0.0865024495869875,0.0,17.1953125,5.91015625,3.83984375,0.703125,/content/drive/MyDrive/im_snn_runs/randman/lambda_sweep/threshold/lambda_0p003/randman_lif_mlp_spkout_im_seed42_dt0.005_20260710-224237,/content/drive/MyDrive/im_snn_runs/randman/lambda_sweep/threshold/lambda_0p003/randman_lif_mlp_spkout_im_seed42_dt0.005_20260710-224237/best.pth
Randman,spiking_count_threshold_im,threshold,0.003,123,20,78.90625,78.515625,0.6087757721543312,7.740679621696472,7.740679621696472,0.016109375515952706,0.08226421661674976,0.0,16.109375,6.01171875,3.6015625,0.74609375,/content/drive/MyDrive/im_snn_runs/randman/lambda_sweep/threshold/lambda_0p003/randman_lif_mlp_spkout_im_seed123_dt0.005_20260710-224341,/content/drive/MyDrive/im_snn_runs/randman/lambda_sweep/threshold/lambda_0p003/randman_lif_mlp_spkout_im_seed123_dt0.005_20260710-224341/best.pth
Randman,spiking_count_threshold_im,threshold,0.003,2020,15,77.734375,80.078125,0.6057218760251999,6.846693634986877,6.846693634986877,0.01565234432928264,0.08020438440144062,0.0,15.65234375,5.69921875,3.29296875,0.76171875,/content/drive/MyDrive/im_snn_runs/randman/lambda_sweep/threshold/lambda_0p003/randman_lif_mlp_spkout_im_seed2020_dt0.005_20260710-224131,/content/drive/MyDrive/im_snn_runs/randman/lambda_sweep/threshold/lambda_0p003/randman_lif_mlp_spkout_im_seed2020_dt0.005_20260710-224131/best.pth
Randman,spiking_count_threshold_im,threshold,0.01,42,17,80.078125,74.609375,0.7891409546136856,4.849401473999023,4.849401473999023,0.019503906834870577,0.09574975073337555,0.0,19.50390625,6.0234375,4.18359375,0.69140625,/content/drive/MyDrive/im_snn_runs/randman/lambda_sweep/threshold/lambda_0p01/randman_lif_mlp_spkout_im_seed42_dt0.005_20260710-224548,/content/drive/MyDrive/im_snn_runs/randman/lambda_sweep/threshold/lambda_0p01/randman_lif_mlp_spkout_im_seed42_dt0.005_20260710-224548/best.pth
Randman,spiking_count_threshold_im,threshold,0.01,123,18,75.78125,78.515625,0.6720270588994026,4.7781089544296265,4.7781089544296265,0.018261719960719347,0.09078008495271206,0.0,18.26171875,5.8828125,3.95703125,0.75,/content/drive/MyDrive/im_snn_runs/randman/lambda_sweep/threshold/lambda_0p01/randman_lif_mlp_spkout_im_seed123_dt0.005_20260710-224651,/content/drive/MyDrive/im_snn_runs/randman/lambda_sweep/threshold/lambda_0p01/randman_lif_mlp_spkout_im_seed123_dt0.005_20260710-224651/best.pth
Randman,spiking_count_threshold_im,threshold,0.01,2020,14,73.4375,78.515625,0.6954215317964554,4.3662189245224,4.3662189245224,0.01882031373679638,0.09309319965541363,0.0,18.8203125,5.77734375,3.78125,0.73046875,/content/drive/MyDrive/im_snn_runs/randman/lambda_sweep/threshold/lambda_0p01/randman_lif_mlp_spkout_im_seed2020_dt0.005_20260710-224445,/content/drive/MyDrive/im_snn_runs/randman/lambda_sweep/threshold/lambda_0p01/randman_lif_mlp_spkout_im_seed2020_dt0.005_20260710-224445/best.pth
